{"multipoles": [0, 2, 4], "s": [3.00127593, 6.42750377, 10.2622724 ,14.18818164, 18.14654354,  22.11950197,  26.10126007,  30.08763483, 34.07700692,  38.06857046,  42.06166624,  46.05611625, 50.05134373,  54.04721997,  58.043855  ,  62.04072618, 66.03788711,  70.03553463,  74.0333115 ,  78.03137039, 82.02963557,  86.02800955,  90.02657031,  94.02521444, 98.02403369, 102.022842  , 106.02178141, 110.02080184, 114.01985954, 118.01907667]}
