{"omega_b": 0.02237, "omega_cdm": 0.12, "sigma8_m": 0.807952, "n_s": 0.9649, "nrun": 0.0, "N_ur": 2.0328, "w0_fld": -1.0, "wa_fld": 0.0, "logM1": 13.44889808046217, "logM_cut": 12.68811677090063, "alpha": 1.451498162258032, "alpha_sat": 0.7764213916385844, "alpha_c": 0.3942151087694729, "sigma": 0.0011998067429484, "kappa": 0.7471091431759701}