{"x_min": [0.02073, 0.1032, 0.677885, 0.9012, -0.026, 1.1769, -1.271, -0.628, 13.20093404556812, 12.40027047998395, 0.7004413130759473, 0.7000634321295602, 0.0003906074548103, 0.0010030864882022, 0.0009274106621971], "x_max": [0.02416, 0.1344, 0.892483, 1.0249, 0.037, 2.8643, -0.727, 0.621, 14.39914254751513, 13.29964647925158, 1.499577351234117, 1.299879706605541, 0.4998276596756623, 0.9932772075654512, 1.498665800465078], "y_min": -0.46639681441402253, "s2_y_min": -168.0318933789256, "s2_y_max": 914.2518869869211, "y_max": 558.8590481090858, "y_mean": [50.6098139750357, 17.014293244109982, 9.09610969495551, 5.867211454458283, 4.123112016026307, 1.785445756894499, 0.7389208956447466, 0.37888557630567926, 0.21971813036662718, 0.13762187957002622, 0.09058774435083168, 0.06157767520851024, 0.04310780379946413, 0.030614655293490306, 0.02188006327195321, 0.015982414864705568, 0.011787023213668901, 0.008512833420802376, 0.00617814995467913, 0.004539654160560948, 0.003634854173360884, 0.003517811369505385, 0.00376873360075251, 0.0038801816242571632, 0.0036255326813191143, 0.0028414000367310227, 0.0018220628962694896, 0.0007925883735447635, 5.716591817744985e-06, -0.00045116725705806856, -0.0007234301733987688, -0.0008694025982751659, -0.0008998331479209594, -0.0007828781778372551, 75.17948592700712, 28.873318609373353, 13.14492416087475, 6.985526008970257, 4.046190567722318, 0.968088667611657, 0.07057554364716702, -0.07093223803160152, -0.0862709530293523, -0.07699009695004014, -0.06400599032597498, -0.052227571792576734, -0.04296966577060277, -0.03544897967298585, -0.029565506311693093, -0.024831458308797297, -0.021342205649300425, -0.01824186629270067, -0.01575096281416347, -0.01323984293598501, -0.011152007972784102, -0.009788474779074944, -0.008769358550911339, -0.007795174066523179, -0.006859730179493182, -0.0059370347890854635, -0.005332907404371748, -0.004754422476268355, -0.004329111373973589, -0.004138624308515217, -0.003863782522600621, -0.003548727272204989, -0.0031517084312582054, -0.0028858553532635656], "y_std": [48.21112893536825, 12.260862799167368, 5.018801319973029, 2.906284643600328, 1.9577045919250646, 0.8033978548797446, 0.3149948970453276, 0.15429302410369825, 0.08671780748960199, 0.05348544040616268, 0.03504517318446676, 0.02389740595793827, 0.016976399904589712, 0.012242130739322234, 0.008899041036950585, 0.006605307270768747, 0.005046152775568123, 0.003811767874870845, 0.002854140169196161, 0.0020855803171335573, 0.0016544834461433035, 0.0015677707084890127, 0.001619538276260539, 0.0015876585690434342, 0.0014952153106606821, 0.0013296649653982847, 0.0011102121423803935, 0.0008609547185761613, 0.0006634188573317028, 0.0005142988642176447, 0.00040400935138807634, 0.0003831837127193719, 0.0003978700034964356, 0.0003468105274350389, 77.04015353858206, 32.36045363251338, 15.148852291576235, 8.274090485225367, 5.087360625594903, 1.6674997204330688, 0.4788288613323618, 0.1738063533303788, 0.07035886550440724, 0.03113677061993544, 0.015898076336233528, 0.00967559427586215, 0.00721092393343929, 0.0058518259060105545, 0.004879123036982113, 0.004160041635339915, 0.003841750553481905, 0.003383886621668508, 0.0029633013567792062, 0.002371404181932007, 0.001957779182433534, 0.001830835287818953, 0.0018362788128776432, 0.0017704402129050893, 0.0015880128936811293, 0.0013821567757581956, 0.0011905204757646783, 0.0009456745436988251, 0.0007908207913502335, 0.0007901295420428307, 0.0007641941145638261, 0.0007270906422817111, 0.0006194160776531481, 0.0006305777459901557]}