{"x_min": [0.02073, 0.1032, 0.677885, 0.9012, -0.026, 1.1769, -1.271, -0.628, 13.20093404556812, 12.40027047998395, 0.7004413130759473, 0.7000634321295602, 0.0003906074548103, 0.0010030864882022, 0.0009274106621971], "x_max": [0.02416, 0.1344, 0.892483, 1.0249, 0.037, 2.8643, -0.727, 0.621, 14.39914254751513, 13.29964647925158, 1.499577351234117, 1.299879706605541, 0.4998276596756623, 0.9932772075654512, 1.498665800465078], "y_min": -1.0, "s2_y_min": -393.8045423506013, "s2_y_max": 191.28963656323066, "y_max": 0.08777649207664646, "y_mean": [-0.8757855634523092, -0.8756674730986236, -0.8753831843981688, -0.8747483738603676, -0.8739548814676538, -0.8648631896213865, -0.8320092565791365, -0.710006130716865, -0.4684080987828366, -0.2834424596610004, -0.18325604168300635, -0.12301721883138203, -0.0846996906900076, -0.05935643632470301, -0.042029594377997, -0.029912500124627057, -0.02147767528952207, -0.015544338390345375, -0.011567187463805027, -0.008979815331492053, -0.007405568493010823, -0.006674132349698137, -0.006305228867370937, -0.0059188943405706455, -0.005232906516718525, -0.004212172551095398, -0.002994261829675357, -0.0017319834316982597, -0.0006262879490787785, 0.000244747500065393, 0.0007969290719163987, 0.0011123111717485082, 0.001240163190696613, 0.0012213482875938603, -0.0005115862808908427, -0.0007432303853374239, -0.00042357380904207184, -9.653925788811549e-05, 0.00047536263177471165, 0.0006590446262814728, 0.004182188372654998, 0.014267836386131875, 0.027946432686696818, 0.047160078789242395, 0.060198194288653056, 0.06201550284790805, 0.058128074000421616, 0.05216796454059944, 0.04587750251279593, 0.03999854407585495, 0.034789378599763846, 0.030138129813205558, 0.02613182645816628, 0.022594790397477398, 0.019554528874305043, 0.016922922881027383, 0.014774215306276678, 0.012981058491525976, 0.011471622934132255, 0.010175961897647343, 0.009157986165758752, 0.008337469171851972, 0.007694463849475798, 0.007088214478103635, 0.0065438382306489415, 0.005970151003323761, 0.005433515829106271, 0.004964688162230073], "y_std": [0.05386451115611916, 0.053422095245592535, 0.05358571515543737, 0.053681473888902036, 0.05401002359106191, 0.056687084042229434, 0.06512743329230299, 0.08278832535204257, 0.07646153821494645, 0.05709134885840821, 0.03970256397546915, 0.027774684873713897, 0.019769206125783152, 0.014293018677079317, 0.010484587723916155, 0.007751812303284437, 0.005817339490563135, 0.004427023926726616, 0.003444719440256084, 0.0027536229501629343, 0.002290692053574642, 0.002009943949862854, 0.001824664394959635, 0.0016814675477550044, 0.001543250887798421, 0.0014108703329736773, 0.0013036546766502428, 0.0011643900075791731, 0.0009746713733375031, 0.0007635255677936228, 0.0005919624015817719, 0.0004675803689737633, 0.00040306262110516094, 0.00037745502503752057, 0.008832874907891558, 0.0033276309079238978, 0.001985407835440308, 0.0014887459269565262, 0.0011075343099335771, 0.0006422270965476973, 0.0019339390688850478, 0.007562224814385418, 0.023563532651190367, 0.029388927361830058, 0.02133249437751739, 0.013154532765125895, 0.007738266119114264, 0.004671842735109783, 0.0031704097878730575, 0.0025044235954402774, 0.002204798078256738, 0.0020022580349893858, 0.0018326904996500064, 0.0016719130814959182, 0.001516966409100729, 0.0014057092996448304, 0.0013525402700963242, 0.0013049195521066725, 0.001199062121781367, 0.0010499793336015636, 0.0009283832549884958, 0.0008097322374188876, 0.000716564560296182, 0.0006558130098003055, 0.000606302336646188, 0.0005740853036962915, 0.0005512393858952181, 0.0005690269388057412]}