{"x_min": [0.02073, 0.1032, 0.677885, 0.9012, -0.026, 1.1769, -1.271, -0.628, 13.20093404556812, 12.40027047998395, 0.7004413130759473, 0.7000634321295602, 0.0003906074548103, 0.0010030864882022, 0.0009274106621971], "x_max": [0.02416, 0.1344, 0.892483, 1.0249, 0.037, 2.8643, -0.727, 0.621, 14.39914254751513, 13.29964647925158, 1.499577351234117, 1.299879706605541, 0.4998276596756623, 0.9932772075654512, 1.498665800465078], "y_min": -0.8755894700620291, "s2_y_min": -235.7036436449897, "s2_y_max": 82.54219780550027, "y_max": 0.12388263844012941, "y_mean": [-0.6238394277536687, -0.6237659603601952, -0.6235232286077891, -0.6217786469405372, -0.6189936177703245, -0.5978067801985555, -0.5366213412860422, -0.3984288778518541, -0.22582242695205026, -0.12631652813506147, -0.07859514315851933, -0.052013406611069034, -0.0356856275539223, -0.025112050853697634, -0.017986474613978037, -0.013065762479070943, -0.009663143378556598, -0.007215122053018726, -0.005556314041255603, -0.0044574440116294575, -0.003653836345063318, -0.0031898624848011974, -0.0028974739164500042, -0.0025837754955338765, -0.0022287602004842934, -0.0017725433439968977, -0.0012502087539921476, -0.0007056591256223745, -0.0002144833296124381, 0.00017099286534054075, 0.0004500432214024023, 0.0006223855242557383, 0.0006791220435122424, 0.0006187192056665164, -5.379185444654869e-05, -0.0001830041442288207, 0.0006105419360792399, 0.0011142833522547666, 0.0012302068338315873, 0.0034533000119414993, 0.012452616371961807, 0.024653923196629648, 0.031823916505023156, 0.03851419887025676, 0.039501919631655835, 0.03583648296638891, 0.030913122697146286, 0.026331872420769703, 0.02235615139345092, 0.018976542999249935, 0.016197326956769398, 0.01388935285481009, 0.011945170341016775, 0.01035470925430986, 0.009037939590274845, 0.007870905124887015, 0.006921046725478645, 0.00607237488701057, 0.0054276636361019065, 0.004805704355760294, 0.0042983142561938345, 0.003885335468149961, 0.0035328658502640172, 0.003250827571632064, 0.0030118939043302677, 0.002752791376405881, 0.0024970992064073058, 0.002300140898751144], "y_std": [0.0888006583119875, 0.0879989592302804, 0.08823905555633192, 0.08833608777985444, 0.08836386801784027, 0.08923923994229242, 0.08919993686070415, 0.07763395124762035, 0.051072733788052584, 0.030469329397060724, 0.018558907436240522, 0.012109942504651363, 0.008335480584074798, 0.005986539049155513, 0.004427665053815546, 0.0033690657447756696, 0.0026077535004676517, 0.002038830504912246, 0.0016147495047119916, 0.0012976249943420955, 0.0010609927952145287, 0.0009325949841192846, 0.0008524998637267472, 0.0007749461216578816, 0.0007063983673349809, 0.0006256716893474261, 0.0005554311399591767, 0.00048161906406478546, 0.0004166595824725178, 0.0003478123683173361, 0.00028394221949344526, 0.00025626850388962814, 0.000244086591594607, 0.00022329810103397085, 0.01516959517806314, 0.005653756062302525, 0.003460446701739424, 0.00242362309065504, 0.00197417446387112, 0.0014404920644629188, 0.002535722918518283, 0.009336398472183871, 0.021334740545117404, 0.01928086034373148, 0.011868605605890222, 0.006695430365058474, 0.0039057892377659825, 0.002476947768792108, 0.0017652680417562224, 0.0014060101356311958, 0.0011829370397107148, 0.0010360803680644587, 0.0008993498481477036, 0.0008075306598226165, 0.0007171127098527, 0.000627391940636579, 0.0005658478062273178, 0.0005247611748998942, 0.0004950643676782358, 0.0004404730651799369, 0.00039384808338257675, 0.00035237017331589675, 0.00031467968628731636, 0.00029892214234161253, 0.0002725932759621938, 0.0002517551257387269, 0.00023674624342339166, 0.0002507557686739291]}