{"x_min": [0.02073, 0.1032, 0.677885, 0.9012, -0.026, 1.1769, -1.271, -0.628, 13.20093404556812, 12.40027047998395, 0.7004413130759473, 0.7000634321295602, 0.0003906074548103, 0.0010030864882022, 0.0009274106621971], "x_max": [0.02416, 0.1344, 0.892483, 1.0249, 0.037, 2.8643, -0.727, 0.621, 14.39914254751513, 13.29964647925158, 1.499577351234117, 1.299879706605541, 0.4998276596756623, 0.9932772075654512, 1.498665800465078], "y_min": -0.17397017777712676, "s2_y_min": -80.12205538589627, "s2_y_max": 134.58502589299113, "y_max": 0.3067971732811303, "y_mean": [0.17639537387294027, 0.17621390711162896, 0.1772578577574265, 0.1791227588137883, 0.18199298537770214, 0.20112499982270812, 0.23377766675226658, 0.2348441911038764, 0.16672679369223115, 0.1031233853142162, 0.0669063277643339, 0.04468078387105586, 0.03049900880531834, 0.02121209237157006, 0.014986832594087632, 0.010605091632361893, 0.007567449552031548, 0.005514647135251515, 0.004104656177234749, 0.0031010076783124178, 0.002574430553024078, 0.002368705744589613, 0.0023163061614772107, 0.0021977956572551503, 0.0019405035407716682, 0.00154017351448588, 0.0010741216787090086, 0.0005889135886889647, 0.0001477687498910944, -0.00017412035916041776, -0.000378375308350209, -0.0004884432051284005, -0.0004959223253888036, -0.00048654039753461665, 0.004289839684744618, 0.002453799811404499, 0.0014103666952342566, 0.0014996055360016552, 0.003895686196689547, 0.008047995958701369, 0.015659487099695814, 0.01010032953990118, -0.0027921726028192068, -0.013615469121401295, -0.020075316479792542, -0.02150049178205105, -0.02060178742435772, -0.018730439792787042, -0.01666550517539612, -0.014541027060355077, -0.012659940016507224, -0.01097886745038928, -0.009541085783168085, -0.008245866643357812, -0.007098564029368448, -0.006105274918390522, -0.0053337049939631755, -0.004632607710329333, -0.004128135180872926, -0.0036846266955599203, -0.0033051086224837527, -0.003028073612515154, -0.00277958347370543, -0.002560925946681701, -0.002366835102627676, -0.002155386586606841, -0.0019765966162408038, -0.001771874036449031], "y_std": [0.05414770320974694, 0.05298813132365464, 0.052996150903919105, 0.05162737853981965, 0.050440879186083386, 0.0431525995699447, 0.027235479423152395, 0.02177308957826026, 0.0231011989434391, 0.019345591844010374, 0.014020452691293832, 0.009900489691877122, 0.007070742873437541, 0.005115454449957245, 0.0037608840656094943, 0.0027841735926469515, 0.002133973545073848, 0.00168051528648755, 0.0013204192426777698, 0.0010543222559464152, 0.0008767567015890731, 0.0007851106395496912, 0.0007506652913540258, 0.0006822731149422251, 0.0006075644869887972, 0.0005368667900052295, 0.00048049467639179987, 0.0004126859800058192, 0.0003372959993660956, 0.000276222091294809, 0.00022362632348281198, 0.00020163664357898513, 0.00018671063722124445, 0.00017581562461089362, 0.027478078362246985, 0.00990715380426485, 0.006292709783576506, 0.004398981355756488, 0.003629254878198555, 0.0018199407033571056, 0.005546554429908788, 0.008953299596625466, 0.007253282407730601, 0.007417520693960333, 0.006005066768917886, 0.003967641361584728, 0.002412689954644521, 0.0014910217964405074, 0.0011001865318836848, 0.000922506390235955, 0.0008500829774926157, 0.0008102303708559807, 0.0007724912399629958, 0.0007149496265640184, 0.000657128051130758, 0.0006227620335662015, 0.0006070097584786891, 0.0005710592433683373, 0.000544420699249572, 0.00047842800551449005, 0.000412981828194154, 0.0003724331431203788, 0.00030817898943064683, 0.00028032778124015197, 0.0002689416447465815, 0.0002579882370411703, 0.0002499069557444667, 0.00023501266088361673]}