{"x_min": [0.02073, 0.1032, 0.677885, 0.9012, -0.026, 1.1769, -1.271, -0.628, 13.20093404556812, 12.40027047998395, 0.7004413130759473, 0.7000634321295602, 0.0003906074548103, 0.0010030864882022, 0.0009274106621971], "x_max": [0.02416, 0.1344, 0.892483, 1.0249, 0.037, 2.8643, -0.727, 0.621, 14.39914254751513, 13.29964647925158, 1.499577351234117, 1.299879706605541, 0.4998276596756623, 0.9932772075654512, 1.498665800465078], "y_min": -0.28498619751679855, "s2_y_min": -198.09744408536366, "s2_y_max": 598.8707032476401, "y_max": 2.622330334550132, "y_mean": [1.63730434873992, 1.6418464447258636, 1.638644765804928, 1.6291451430977373, 1.6171344876835003, 1.5435322217584695, 1.3514748947432562, 0.9910108464649617, 0.5702074425546759, 0.3233099458605065, 0.2034235916887499, 0.13563908954652434, 0.09335527126097927, 0.06589776775099333, 0.04726406019809658, 0.034284012376143536, 0.025032350267942628, 0.018520753444663862, 0.014038423613033429, 0.010922053563044546, 0.009119165788675816, 0.008058127412197089, 0.00730427639006477, 0.006551810723706031, 0.005692490122930417, 0.004585730246774093, 0.003278920422172658, 0.001877217283242875, 0.0005862702830792772, -0.00035439046382534624, -0.0009561888689329793, -0.0013198263110320053, -0.0013969899780544117, -0.0013390039521283493, -0.003230909912994961, -0.0036140167600458807, -0.0038103351053111792, -0.0025012050442489303, -0.0034392591814718892, -0.019050215516421103, -0.050027478617899246, -0.07379750255388387, -0.07868225211027989, -0.09015840814405239, -0.09392259646872562, -0.08674221495699458, -0.07577642178168999, -0.06515902112618005, -0.055550585549423874, -0.0476256048690474, -0.04094557810816432, -0.035188959820665125, -0.03045259780557084, -0.026248512318427286, -0.022864409363028505, -0.01995511323103363, -0.01751911070061096, -0.015436873939144172, -0.013731293662052982, -0.012222735650048267, -0.010933118900162794, -0.009908145972631085, -0.008991242151593151, -0.008278828215183628, -0.00764106383212378, -0.006994267881038306, -0.006418119891153586, -0.005876057983838225], "y_std": [0.2740494659392487, 0.27723684906564633, 0.27725787662510026, 0.276289539391737, 0.27452060627884667, 0.2673188100101259, 0.2451527191319575, 0.19521371487836336, 0.12654222892763703, 0.07626142022216052, 0.047335502786776534, 0.03132967290163596, 0.021692173572847466, 0.015589990591153083, 0.011445977381555771, 0.008574924142802691, 0.006498244043890227, 0.0049725026546882335, 0.003822311773715646, 0.0030165884528270777, 0.002535318397019628, 0.0022342124787795023, 0.002009665490964786, 0.0018244135255585108, 0.0016938527216067316, 0.0015574898313151459, 0.0014178785228261214, 0.001231365420703551, 0.0010633536428958509, 0.0009113981549155375, 0.0007399215098910796, 0.000607511719695295, 0.0005007303076424247, 0.0004156540438197206, 0.04275824709574863, 0.015578506975781024, 0.009597312044573827, 0.006755454063518837, 0.005772611182523614, 0.003621623807322333, 0.00850476507696529, 0.03140866238429598, 0.05941591439365082, 0.05161568496296815, 0.03161358493222906, 0.017766500569550613, 0.010329979167278, 0.006507311368132973, 0.004538933293924796, 0.0035337738547436995, 0.0029503895851640404, 0.002528815072346971, 0.002235145494135478, 0.0019433814602304303, 0.0016854819388226812, 0.0014956614234742662, 0.0013752610395317288, 0.0012718293001220537, 0.0011859765237886301, 0.0010713628658307922, 0.0009759678070344997, 0.0008832960695043605, 0.0007829646533920687, 0.0007052675478029835, 0.0006600307934560122, 0.0006184381713678421, 0.0005899380907181861, 0.000605384034515683]}